{"cameraMode":{"drawMode":0,"name":"Shaded","section":"Shading Mode"},"sceneLighting":true,"audioPlay":false,"sceneViewState":{"showFog":true,"showMaterialUpdate":false,"showSkybox":true,"showFlares":true,"showImageEffects":true,"showParticleSystems":true},"in2DMode":false,"pivot":{"x":1158.669921875,"y":380.2928466796875,"z":-189.32122802734376},"rotation":{"x":-0.1809188574552536,"y":0.5255641937255859,"z":-0.11548953503370285,"w":-0.823295533657074},"size":156.83470153808595,"orthographic":false}